{ "Label": "London", "Latitude": 51.5287718, "Longitude": -0.2416804 }
{ "Label": "Reykjavík", "Latitude": 64.1335484, "Longitude": -21.9224813 }
{ "Label": "Kraków", "Latitude": 50.0468548, "Longitude": 19.9348336 }
{ "Label": "Paris", "Latitude": 48.8589507, "Longitude": 2.2770204 }
{ "Label": "İstanbul", "Latitude": 41.0054958, "Longitude": 28.8720965 }
{ "Label": "London", "Latitude": 51.5287718, "Longitude": -0.2416804 }
{ "Label": "New York", "Latitude": 40.6976637, "Longitude": -74.119764 }
{ "Label": "Starbase", "Latitude": 25.9884963, "Longitude": -97.1632233 }
{ "Label": "Vancouver", "Latitude": 49.2578263, "Longitude": -123.1939434 }
{ "Label": "Mumbai", "Latitude": 19.0825223, "Longitude": 72.7411016 }
{ "Label": "Hongkong", "Latitude": 22.3529913, "Longitude": 113.9876156 }
{ "Label": "Sydney", "Latitude": -33.8479255, "Longitude": 150.6511036 }
{ "Label": "Cape Town", "Latitude": -33.9152193, "Longitude": 18.3751883 }
{ "Label": "Якутск", "Latitude": 62.0312622, "Longitude": 129.5613624 }
{ "Label": "Roma", "Latitude": 41.9099856, "Longitude": 12.3955715 }
{ "Label": "Gibraltar", "Latitude": 36.129508, "Longitude": -5.3708525 }
{ "Label": "Douala", "Latitude": 4.0359007, "Longitude": 9.6715926 }
{ "Label": "Vilnius", "Latitude": 54.6872, "Longitude": 25.2797 }
{ "Label": "Vilnius", "Latitude": 54.68916, "Longitude": 25.2798 }
{ "Label": "Kaunas", "Latitude": 54.7000943, "Longitude": 23.2590801 }
{ "Label": "Klaipėda", "Latitude": 55.7053535, "Longitude": 21.0143758 }
{ "Label": "Palanga", "Latitude": 55.900014, "Longitude": 20.8629638 }